target_keyword,canonical_url,workflow,business_context,deliverable,review_measure
AI owner buy boxes for marketing agencies,https://www.buyingwealthbook.com/workflows/ai-owner-buy-box/marketing-agencies/,ai-owner-buy-box,marketing-agencies,a buyer criteria worksheet with evidence requirements,screened opportunities with documented fit decisions
AI owner buy boxes for consulting firms,https://www.buyingwealthbook.com/workflows/ai-owner-buy-box/consulting-firms/,ai-owner-buy-box,consulting-firms,a buyer criteria worksheet with evidence requirements,screened opportunities with documented fit decisions
AI owner buy boxes for software companies,https://www.buyingwealthbook.com/workflows/ai-owner-buy-box/software-companies/,ai-owner-buy-box,software-companies,a buyer criteria worksheet with evidence requirements,screened opportunities with documented fit decisions
AI owner buy boxes for ecommerce brands,https://www.buyingwealthbook.com/workflows/ai-owner-buy-box/ecommerce-brands/,ai-owner-buy-box,ecommerce-brands,a buyer criteria worksheet with evidence requirements,screened opportunities with documented fit decisions
AI owner buy boxes for manufacturers,https://www.buyingwealthbook.com/workflows/ai-owner-buy-box/manufacturers/,ai-owner-buy-box,manufacturers,a buyer criteria worksheet with evidence requirements,screened opportunities with documented fit decisions
AI owner buy boxes for wholesale distributors,https://www.buyingwealthbook.com/workflows/ai-owner-buy-box/wholesale-distributors/,ai-owner-buy-box,wholesale-distributors,a buyer criteria worksheet with evidence requirements,screened opportunities with documented fit decisions
AI owner buy boxes for construction companies,https://www.buyingwealthbook.com/workflows/ai-owner-buy-box/construction-companies/,ai-owner-buy-box,construction-companies,a buyer criteria worksheet with evidence requirements,screened opportunities with documented fit decisions
AI owner buy boxes for trade contractors,https://www.buyingwealthbook.com/workflows/ai-owner-buy-box/trade-contractors/,ai-owner-buy-box,trade-contractors,a buyer criteria worksheet with evidence requirements,screened opportunities with documented fit decisions
AI owner buy boxes for salons,https://www.buyingwealthbook.com/workflows/ai-owner-buy-box/salons/,ai-owner-buy-box,salons,a buyer criteria worksheet with evidence requirements,screened opportunities with documented fit decisions
AI owner buy boxes for restaurants,https://www.buyingwealthbook.com/workflows/ai-owner-buy-box/restaurants/,ai-owner-buy-box,restaurants,a buyer criteria worksheet with evidence requirements,screened opportunities with documented fit decisions
AI owner buy boxes for retail stores,https://www.buyingwealthbook.com/workflows/ai-owner-buy-box/retail-stores/,ai-owner-buy-box,retail-stores,a buyer criteria worksheet with evidence requirements,screened opportunities with documented fit decisions
AI owner buy boxes for logistics companies,https://www.buyingwealthbook.com/workflows/ai-owner-buy-box/logistics-companies/,ai-owner-buy-box,logistics-companies,a buyer criteria worksheet with evidence requirements,screened opportunities with documented fit decisions
AI owner buy boxes for cleaning companies,https://www.buyingwealthbook.com/workflows/ai-owner-buy-box/cleaning-companies/,ai-owner-buy-box,cleaning-companies,a buyer criteria worksheet with evidence requirements,screened opportunities with documented fit decisions
AI owner buy boxes for landscaping companies,https://www.buyingwealthbook.com/workflows/ai-owner-buy-box/landscaping-companies/,ai-owner-buy-box,landscaping-companies,a buyer criteria worksheet with evidence requirements,screened opportunities with documented fit decisions
AI owner buy boxes for automotive shops,https://www.buyingwealthbook.com/workflows/ai-owner-buy-box/automotive-shops/,ai-owner-buy-box,automotive-shops,a buyer criteria worksheet with evidence requirements,screened opportunities with documented fit decisions
AI owner buy boxes for fitness studios,https://www.buyingwealthbook.com/workflows/ai-owner-buy-box/fitness-studios/,ai-owner-buy-box,fitness-studios,a buyer criteria worksheet with evidence requirements,screened opportunities with documented fit decisions
AI owner buy boxes for training companies,https://www.buyingwealthbook.com/workflows/ai-owner-buy-box/training-companies/,ai-owner-buy-box,training-companies,a buyer criteria worksheet with evidence requirements,screened opportunities with documented fit decisions
AI owner buy boxes for staffing agencies,https://www.buyingwealthbook.com/workflows/ai-owner-buy-box/staffing-agencies/,ai-owner-buy-box,staffing-agencies,a buyer criteria worksheet with evidence requirements,screened opportunities with documented fit decisions
AI owner buy boxes for event companies,https://www.buyingwealthbook.com/workflows/ai-owner-buy-box/event-companies/,ai-owner-buy-box,event-companies,a buyer criteria worksheet with evidence requirements,screened opportunities with documented fit decisions
AI owner buy boxes for architecture firms,https://www.buyingwealthbook.com/workflows/ai-owner-buy-box/architecture-firms/,ai-owner-buy-box,architecture-firms,a buyer criteria worksheet with evidence requirements,screened opportunities with documented fit decisions
AI operating reserve worksheets for marketing agencies,https://www.buyingwealthbook.com/workflows/ai-cash-reserve-plan/marketing-agencies/,ai-cash-reserve-plan,marketing-agencies,a reserve schedule with assumptions and review owners,reserve inputs reconciled to the approved cash schedule
AI operating reserve worksheets for consulting firms,https://www.buyingwealthbook.com/workflows/ai-cash-reserve-plan/consulting-firms/,ai-cash-reserve-plan,consulting-firms,a reserve schedule with assumptions and review owners,reserve inputs reconciled to the approved cash schedule
AI operating reserve worksheets for software companies,https://www.buyingwealthbook.com/workflows/ai-cash-reserve-plan/software-companies/,ai-cash-reserve-plan,software-companies,a reserve schedule with assumptions and review owners,reserve inputs reconciled to the approved cash schedule
AI operating reserve worksheets for ecommerce brands,https://www.buyingwealthbook.com/workflows/ai-cash-reserve-plan/ecommerce-brands/,ai-cash-reserve-plan,ecommerce-brands,a reserve schedule with assumptions and review owners,reserve inputs reconciled to the approved cash schedule
AI operating reserve worksheets for manufacturers,https://www.buyingwealthbook.com/workflows/ai-cash-reserve-plan/manufacturers/,ai-cash-reserve-plan,manufacturers,a reserve schedule with assumptions and review owners,reserve inputs reconciled to the approved cash schedule
AI operating reserve worksheets for wholesale distributors,https://www.buyingwealthbook.com/workflows/ai-cash-reserve-plan/wholesale-distributors/,ai-cash-reserve-plan,wholesale-distributors,a reserve schedule with assumptions and review owners,reserve inputs reconciled to the approved cash schedule
AI operating reserve worksheets for construction companies,https://www.buyingwealthbook.com/workflows/ai-cash-reserve-plan/construction-companies/,ai-cash-reserve-plan,construction-companies,a reserve schedule with assumptions and review owners,reserve inputs reconciled to the approved cash schedule
AI operating reserve worksheets for trade contractors,https://www.buyingwealthbook.com/workflows/ai-cash-reserve-plan/trade-contractors/,ai-cash-reserve-plan,trade-contractors,a reserve schedule with assumptions and review owners,reserve inputs reconciled to the approved cash schedule
AI operating reserve worksheets for salons,https://www.buyingwealthbook.com/workflows/ai-cash-reserve-plan/salons/,ai-cash-reserve-plan,salons,a reserve schedule with assumptions and review owners,reserve inputs reconciled to the approved cash schedule
AI operating reserve worksheets for restaurants,https://www.buyingwealthbook.com/workflows/ai-cash-reserve-plan/restaurants/,ai-cash-reserve-plan,restaurants,a reserve schedule with assumptions and review owners,reserve inputs reconciled to the approved cash schedule
AI operating reserve worksheets for retail stores,https://www.buyingwealthbook.com/workflows/ai-cash-reserve-plan/retail-stores/,ai-cash-reserve-plan,retail-stores,a reserve schedule with assumptions and review owners,reserve inputs reconciled to the approved cash schedule
AI operating reserve worksheets for logistics companies,https://www.buyingwealthbook.com/workflows/ai-cash-reserve-plan/logistics-companies/,ai-cash-reserve-plan,logistics-companies,a reserve schedule with assumptions and review owners,reserve inputs reconciled to the approved cash schedule
AI operating reserve worksheets for cleaning companies,https://www.buyingwealthbook.com/workflows/ai-cash-reserve-plan/cleaning-companies/,ai-cash-reserve-plan,cleaning-companies,a reserve schedule with assumptions and review owners,reserve inputs reconciled to the approved cash schedule
AI operating reserve worksheets for landscaping companies,https://www.buyingwealthbook.com/workflows/ai-cash-reserve-plan/landscaping-companies/,ai-cash-reserve-plan,landscaping-companies,a reserve schedule with assumptions and review owners,reserve inputs reconciled to the approved cash schedule
AI operating reserve worksheets for automotive shops,https://www.buyingwealthbook.com/workflows/ai-cash-reserve-plan/automotive-shops/,ai-cash-reserve-plan,automotive-shops,a reserve schedule with assumptions and review owners,reserve inputs reconciled to the approved cash schedule
AI operating reserve worksheets for fitness studios,https://www.buyingwealthbook.com/workflows/ai-cash-reserve-plan/fitness-studios/,ai-cash-reserve-plan,fitness-studios,a reserve schedule with assumptions and review owners,reserve inputs reconciled to the approved cash schedule
AI operating reserve worksheets for training companies,https://www.buyingwealthbook.com/workflows/ai-cash-reserve-plan/training-companies/,ai-cash-reserve-plan,training-companies,a reserve schedule with assumptions and review owners,reserve inputs reconciled to the approved cash schedule
AI operating reserve worksheets for staffing agencies,https://www.buyingwealthbook.com/workflows/ai-cash-reserve-plan/staffing-agencies/,ai-cash-reserve-plan,staffing-agencies,a reserve schedule with assumptions and review owners,reserve inputs reconciled to the approved cash schedule
AI operating reserve worksheets for event companies,https://www.buyingwealthbook.com/workflows/ai-cash-reserve-plan/event-companies/,ai-cash-reserve-plan,event-companies,a reserve schedule with assumptions and review owners,reserve inputs reconciled to the approved cash schedule
AI operating reserve worksheets for architecture firms,https://www.buyingwealthbook.com/workflows/ai-cash-reserve-plan/architecture-firms/,ai-cash-reserve-plan,architecture-firms,a reserve schedule with assumptions and review owners,reserve inputs reconciled to the approved cash schedule
AI owner cash flow bridges for marketing agencies,https://www.buyingwealthbook.com/workflows/ai-cash-flow-bridge/marketing-agencies/,ai-cash-flow-bridge,marketing-agencies,a reproducible earnings-to-cash bridge,cash-flow categories supported by a source or explicit assumption
AI owner cash flow bridges for consulting firms,https://www.buyingwealthbook.com/workflows/ai-cash-flow-bridge/consulting-firms/,ai-cash-flow-bridge,consulting-firms,a reproducible earnings-to-cash bridge,cash-flow categories supported by a source or explicit assumption
AI owner cash flow bridges for software companies,https://www.buyingwealthbook.com/workflows/ai-cash-flow-bridge/software-companies/,ai-cash-flow-bridge,software-companies,a reproducible earnings-to-cash bridge,cash-flow categories supported by a source or explicit assumption
AI owner cash flow bridges for ecommerce brands,https://www.buyingwealthbook.com/workflows/ai-cash-flow-bridge/ecommerce-brands/,ai-cash-flow-bridge,ecommerce-brands,a reproducible earnings-to-cash bridge,cash-flow categories supported by a source or explicit assumption
AI owner cash flow bridges for manufacturers,https://www.buyingwealthbook.com/workflows/ai-cash-flow-bridge/manufacturers/,ai-cash-flow-bridge,manufacturers,a reproducible earnings-to-cash bridge,cash-flow categories supported by a source or explicit assumption
AI owner cash flow bridges for wholesale distributors,https://www.buyingwealthbook.com/workflows/ai-cash-flow-bridge/wholesale-distributors/,ai-cash-flow-bridge,wholesale-distributors,a reproducible earnings-to-cash bridge,cash-flow categories supported by a source or explicit assumption
AI owner cash flow bridges for construction companies,https://www.buyingwealthbook.com/workflows/ai-cash-flow-bridge/construction-companies/,ai-cash-flow-bridge,construction-companies,a reproducible earnings-to-cash bridge,cash-flow categories supported by a source or explicit assumption
AI owner cash flow bridges for trade contractors,https://www.buyingwealthbook.com/workflows/ai-cash-flow-bridge/trade-contractors/,ai-cash-flow-bridge,trade-contractors,a reproducible earnings-to-cash bridge,cash-flow categories supported by a source or explicit assumption
AI owner cash flow bridges for salons,https://www.buyingwealthbook.com/workflows/ai-cash-flow-bridge/salons/,ai-cash-flow-bridge,salons,a reproducible earnings-to-cash bridge,cash-flow categories supported by a source or explicit assumption
AI owner cash flow bridges for restaurants,https://www.buyingwealthbook.com/workflows/ai-cash-flow-bridge/restaurants/,ai-cash-flow-bridge,restaurants,a reproducible earnings-to-cash bridge,cash-flow categories supported by a source or explicit assumption
AI owner cash flow bridges for retail stores,https://www.buyingwealthbook.com/workflows/ai-cash-flow-bridge/retail-stores/,ai-cash-flow-bridge,retail-stores,a reproducible earnings-to-cash bridge,cash-flow categories supported by a source or explicit assumption
AI owner cash flow bridges for logistics companies,https://www.buyingwealthbook.com/workflows/ai-cash-flow-bridge/logistics-companies/,ai-cash-flow-bridge,logistics-companies,a reproducible earnings-to-cash bridge,cash-flow categories supported by a source or explicit assumption
AI owner cash flow bridges for cleaning companies,https://www.buyingwealthbook.com/workflows/ai-cash-flow-bridge/cleaning-companies/,ai-cash-flow-bridge,cleaning-companies,a reproducible earnings-to-cash bridge,cash-flow categories supported by a source or explicit assumption
AI owner cash flow bridges for landscaping companies,https://www.buyingwealthbook.com/workflows/ai-cash-flow-bridge/landscaping-companies/,ai-cash-flow-bridge,landscaping-companies,a reproducible earnings-to-cash bridge,cash-flow categories supported by a source or explicit assumption
AI owner cash flow bridges for automotive shops,https://www.buyingwealthbook.com/workflows/ai-cash-flow-bridge/automotive-shops/,ai-cash-flow-bridge,automotive-shops,a reproducible earnings-to-cash bridge,cash-flow categories supported by a source or explicit assumption
AI owner cash flow bridges for fitness studios,https://www.buyingwealthbook.com/workflows/ai-cash-flow-bridge/fitness-studios/,ai-cash-flow-bridge,fitness-studios,a reproducible earnings-to-cash bridge,cash-flow categories supported by a source or explicit assumption
AI owner cash flow bridges for training companies,https://www.buyingwealthbook.com/workflows/ai-cash-flow-bridge/training-companies/,ai-cash-flow-bridge,training-companies,a reproducible earnings-to-cash bridge,cash-flow categories supported by a source or explicit assumption
AI owner cash flow bridges for staffing agencies,https://www.buyingwealthbook.com/workflows/ai-cash-flow-bridge/staffing-agencies/,ai-cash-flow-bridge,staffing-agencies,a reproducible earnings-to-cash bridge,cash-flow categories supported by a source or explicit assumption
AI owner cash flow bridges for event companies,https://www.buyingwealthbook.com/workflows/ai-cash-flow-bridge/event-companies/,ai-cash-flow-bridge,event-companies,a reproducible earnings-to-cash bridge,cash-flow categories supported by a source or explicit assumption
AI owner cash flow bridges for architecture firms,https://www.buyingwealthbook.com/workflows/ai-cash-flow-bridge/architecture-firms/,ai-cash-flow-bridge,architecture-firms,a reproducible earnings-to-cash bridge,cash-flow categories supported by a source or explicit assumption
AI capital project comparisons for marketing agencies,https://www.buyingwealthbook.com/workflows/ai-capital-project-comparison/marketing-agencies/,ai-capital-project-comparison,marketing-agencies,a comparable project decision table,approved projects reviewed against their original assumptions
AI capital project comparisons for consulting firms,https://www.buyingwealthbook.com/workflows/ai-capital-project-comparison/consulting-firms/,ai-capital-project-comparison,consulting-firms,a comparable project decision table,approved projects reviewed against their original assumptions
AI capital project comparisons for software companies,https://www.buyingwealthbook.com/workflows/ai-capital-project-comparison/software-companies/,ai-capital-project-comparison,software-companies,a comparable project decision table,approved projects reviewed against their original assumptions
AI capital project comparisons for ecommerce brands,https://www.buyingwealthbook.com/workflows/ai-capital-project-comparison/ecommerce-brands/,ai-capital-project-comparison,ecommerce-brands,a comparable project decision table,approved projects reviewed against their original assumptions
AI capital project comparisons for manufacturers,https://www.buyingwealthbook.com/workflows/ai-capital-project-comparison/manufacturers/,ai-capital-project-comparison,manufacturers,a comparable project decision table,approved projects reviewed against their original assumptions
AI capital project comparisons for wholesale distributors,https://www.buyingwealthbook.com/workflows/ai-capital-project-comparison/wholesale-distributors/,ai-capital-project-comparison,wholesale-distributors,a comparable project decision table,approved projects reviewed against their original assumptions
AI capital project comparisons for construction companies,https://www.buyingwealthbook.com/workflows/ai-capital-project-comparison/construction-companies/,ai-capital-project-comparison,construction-companies,a comparable project decision table,approved projects reviewed against their original assumptions
AI capital project comparisons for trade contractors,https://www.buyingwealthbook.com/workflows/ai-capital-project-comparison/trade-contractors/,ai-capital-project-comparison,trade-contractors,a comparable project decision table,approved projects reviewed against their original assumptions
AI capital project comparisons for salons,https://www.buyingwealthbook.com/workflows/ai-capital-project-comparison/salons/,ai-capital-project-comparison,salons,a comparable project decision table,approved projects reviewed against their original assumptions
AI capital project comparisons for restaurants,https://www.buyingwealthbook.com/workflows/ai-capital-project-comparison/restaurants/,ai-capital-project-comparison,restaurants,a comparable project decision table,approved projects reviewed against their original assumptions
AI capital project comparisons for retail stores,https://www.buyingwealthbook.com/workflows/ai-capital-project-comparison/retail-stores/,ai-capital-project-comparison,retail-stores,a comparable project decision table,approved projects reviewed against their original assumptions
AI capital project comparisons for logistics companies,https://www.buyingwealthbook.com/workflows/ai-capital-project-comparison/logistics-companies/,ai-capital-project-comparison,logistics-companies,a comparable project decision table,approved projects reviewed against their original assumptions
AI capital project comparisons for cleaning companies,https://www.buyingwealthbook.com/workflows/ai-capital-project-comparison/cleaning-companies/,ai-capital-project-comparison,cleaning-companies,a comparable project decision table,approved projects reviewed against their original assumptions
AI capital project comparisons for landscaping companies,https://www.buyingwealthbook.com/workflows/ai-capital-project-comparison/landscaping-companies/,ai-capital-project-comparison,landscaping-companies,a comparable project decision table,approved projects reviewed against their original assumptions
AI capital project comparisons for automotive shops,https://www.buyingwealthbook.com/workflows/ai-capital-project-comparison/automotive-shops/,ai-capital-project-comparison,automotive-shops,a comparable project decision table,approved projects reviewed against their original assumptions
AI capital project comparisons for fitness studios,https://www.buyingwealthbook.com/workflows/ai-capital-project-comparison/fitness-studios/,ai-capital-project-comparison,fitness-studios,a comparable project decision table,approved projects reviewed against their original assumptions
AI capital project comparisons for training companies,https://www.buyingwealthbook.com/workflows/ai-capital-project-comparison/training-companies/,ai-capital-project-comparison,training-companies,a comparable project decision table,approved projects reviewed against their original assumptions
AI capital project comparisons for staffing agencies,https://www.buyingwealthbook.com/workflows/ai-capital-project-comparison/staffing-agencies/,ai-capital-project-comparison,staffing-agencies,a comparable project decision table,approved projects reviewed against their original assumptions
AI capital project comparisons for event companies,https://www.buyingwealthbook.com/workflows/ai-capital-project-comparison/event-companies/,ai-capital-project-comparison,event-companies,a comparable project decision table,approved projects reviewed against their original assumptions
AI capital project comparisons for architecture firms,https://www.buyingwealthbook.com/workflows/ai-capital-project-comparison/architecture-firms/,ai-capital-project-comparison,architecture-firms,a comparable project decision table,approved projects reviewed against their original assumptions
AI owner involvement maps for marketing agencies,https://www.buyingwealthbook.com/workflows/ai-owner-involvement/marketing-agencies/,ai-owner-involvement,marketing-agencies,an owner workload map and replacement plan,owner activities supported by observed task records
AI owner involvement maps for consulting firms,https://www.buyingwealthbook.com/workflows/ai-owner-involvement/consulting-firms/,ai-owner-involvement,consulting-firms,an owner workload map and replacement plan,owner activities supported by observed task records
AI owner involvement maps for software companies,https://www.buyingwealthbook.com/workflows/ai-owner-involvement/software-companies/,ai-owner-involvement,software-companies,an owner workload map and replacement plan,owner activities supported by observed task records
AI owner involvement maps for ecommerce brands,https://www.buyingwealthbook.com/workflows/ai-owner-involvement/ecommerce-brands/,ai-owner-involvement,ecommerce-brands,an owner workload map and replacement plan,owner activities supported by observed task records
AI owner involvement maps for manufacturers,https://www.buyingwealthbook.com/workflows/ai-owner-involvement/manufacturers/,ai-owner-involvement,manufacturers,an owner workload map and replacement plan,owner activities supported by observed task records
AI owner involvement maps for wholesale distributors,https://www.buyingwealthbook.com/workflows/ai-owner-involvement/wholesale-distributors/,ai-owner-involvement,wholesale-distributors,an owner workload map and replacement plan,owner activities supported by observed task records
AI owner involvement maps for construction companies,https://www.buyingwealthbook.com/workflows/ai-owner-involvement/construction-companies/,ai-owner-involvement,construction-companies,an owner workload map and replacement plan,owner activities supported by observed task records
AI owner involvement maps for trade contractors,https://www.buyingwealthbook.com/workflows/ai-owner-involvement/trade-contractors/,ai-owner-involvement,trade-contractors,an owner workload map and replacement plan,owner activities supported by observed task records
AI owner involvement maps for salons,https://www.buyingwealthbook.com/workflows/ai-owner-involvement/salons/,ai-owner-involvement,salons,an owner workload map and replacement plan,owner activities supported by observed task records
AI owner involvement maps for restaurants,https://www.buyingwealthbook.com/workflows/ai-owner-involvement/restaurants/,ai-owner-involvement,restaurants,an owner workload map and replacement plan,owner activities supported by observed task records
AI owner involvement maps for retail stores,https://www.buyingwealthbook.com/workflows/ai-owner-involvement/retail-stores/,ai-owner-involvement,retail-stores,an owner workload map and replacement plan,owner activities supported by observed task records
AI owner involvement maps for logistics companies,https://www.buyingwealthbook.com/workflows/ai-owner-involvement/logistics-companies/,ai-owner-involvement,logistics-companies,an owner workload map and replacement plan,owner activities supported by observed task records
AI owner involvement maps for cleaning companies,https://www.buyingwealthbook.com/workflows/ai-owner-involvement/cleaning-companies/,ai-owner-involvement,cleaning-companies,an owner workload map and replacement plan,owner activities supported by observed task records
AI owner involvement maps for landscaping companies,https://www.buyingwealthbook.com/workflows/ai-owner-involvement/landscaping-companies/,ai-owner-involvement,landscaping-companies,an owner workload map and replacement plan,owner activities supported by observed task records
AI owner involvement maps for automotive shops,https://www.buyingwealthbook.com/workflows/ai-owner-involvement/automotive-shops/,ai-owner-involvement,automotive-shops,an owner workload map and replacement plan,owner activities supported by observed task records
AI owner involvement maps for fitness studios,https://www.buyingwealthbook.com/workflows/ai-owner-involvement/fitness-studios/,ai-owner-involvement,fitness-studios,an owner workload map and replacement plan,owner activities supported by observed task records
AI owner involvement maps for training companies,https://www.buyingwealthbook.com/workflows/ai-owner-involvement/training-companies/,ai-owner-involvement,training-companies,an owner workload map and replacement plan,owner activities supported by observed task records
AI owner involvement maps for staffing agencies,https://www.buyingwealthbook.com/workflows/ai-owner-involvement/staffing-agencies/,ai-owner-involvement,staffing-agencies,an owner workload map and replacement plan,owner activities supported by observed task records
AI owner involvement maps for event companies,https://www.buyingwealthbook.com/workflows/ai-owner-involvement/event-companies/,ai-owner-involvement,event-companies,an owner workload map and replacement plan,owner activities supported by observed task records
AI owner involvement maps for architecture firms,https://www.buyingwealthbook.com/workflows/ai-owner-involvement/architecture-firms/,ai-owner-involvement,architecture-firms,an owner workload map and replacement plan,owner activities supported by observed task records
AI business investment scenario reviews for marketing agencies,https://www.buyingwealthbook.com/workflows/ai-investment-scenario-review/marketing-agencies/,ai-investment-scenario-review,marketing-agencies,a scenario table with assumption provenance,scenario changes traceable to named model inputs
AI business investment scenario reviews for consulting firms,https://www.buyingwealthbook.com/workflows/ai-investment-scenario-review/consulting-firms/,ai-investment-scenario-review,consulting-firms,a scenario table with assumption provenance,scenario changes traceable to named model inputs
AI business investment scenario reviews for software companies,https://www.buyingwealthbook.com/workflows/ai-investment-scenario-review/software-companies/,ai-investment-scenario-review,software-companies,a scenario table with assumption provenance,scenario changes traceable to named model inputs
AI business investment scenario reviews for ecommerce brands,https://www.buyingwealthbook.com/workflows/ai-investment-scenario-review/ecommerce-brands/,ai-investment-scenario-review,ecommerce-brands,a scenario table with assumption provenance,scenario changes traceable to named model inputs
AI business investment scenario reviews for manufacturers,https://www.buyingwealthbook.com/workflows/ai-investment-scenario-review/manufacturers/,ai-investment-scenario-review,manufacturers,a scenario table with assumption provenance,scenario changes traceable to named model inputs
AI business investment scenario reviews for wholesale distributors,https://www.buyingwealthbook.com/workflows/ai-investment-scenario-review/wholesale-distributors/,ai-investment-scenario-review,wholesale-distributors,a scenario table with assumption provenance,scenario changes traceable to named model inputs
AI business investment scenario reviews for construction companies,https://www.buyingwealthbook.com/workflows/ai-investment-scenario-review/construction-companies/,ai-investment-scenario-review,construction-companies,a scenario table with assumption provenance,scenario changes traceable to named model inputs
AI business investment scenario reviews for trade contractors,https://www.buyingwealthbook.com/workflows/ai-investment-scenario-review/trade-contractors/,ai-investment-scenario-review,trade-contractors,a scenario table with assumption provenance,scenario changes traceable to named model inputs
AI business investment scenario reviews for salons,https://www.buyingwealthbook.com/workflows/ai-investment-scenario-review/salons/,ai-investment-scenario-review,salons,a scenario table with assumption provenance,scenario changes traceable to named model inputs
AI business investment scenario reviews for restaurants,https://www.buyingwealthbook.com/workflows/ai-investment-scenario-review/restaurants/,ai-investment-scenario-review,restaurants,a scenario table with assumption provenance,scenario changes traceable to named model inputs
AI business investment scenario reviews for retail stores,https://www.buyingwealthbook.com/workflows/ai-investment-scenario-review/retail-stores/,ai-investment-scenario-review,retail-stores,a scenario table with assumption provenance,scenario changes traceable to named model inputs
AI business investment scenario reviews for logistics companies,https://www.buyingwealthbook.com/workflows/ai-investment-scenario-review/logistics-companies/,ai-investment-scenario-review,logistics-companies,a scenario table with assumption provenance,scenario changes traceable to named model inputs
AI business investment scenario reviews for cleaning companies,https://www.buyingwealthbook.com/workflows/ai-investment-scenario-review/cleaning-companies/,ai-investment-scenario-review,cleaning-companies,a scenario table with assumption provenance,scenario changes traceable to named model inputs
AI business investment scenario reviews for landscaping companies,https://www.buyingwealthbook.com/workflows/ai-investment-scenario-review/landscaping-companies/,ai-investment-scenario-review,landscaping-companies,a scenario table with assumption provenance,scenario changes traceable to named model inputs
AI business investment scenario reviews for automotive shops,https://www.buyingwealthbook.com/workflows/ai-investment-scenario-review/automotive-shops/,ai-investment-scenario-review,automotive-shops,a scenario table with assumption provenance,scenario changes traceable to named model inputs
AI business investment scenario reviews for fitness studios,https://www.buyingwealthbook.com/workflows/ai-investment-scenario-review/fitness-studios/,ai-investment-scenario-review,fitness-studios,a scenario table with assumption provenance,scenario changes traceable to named model inputs
AI business investment scenario reviews for training companies,https://www.buyingwealthbook.com/workflows/ai-investment-scenario-review/training-companies/,ai-investment-scenario-review,training-companies,a scenario table with assumption provenance,scenario changes traceable to named model inputs
AI business investment scenario reviews for staffing agencies,https://www.buyingwealthbook.com/workflows/ai-investment-scenario-review/staffing-agencies/,ai-investment-scenario-review,staffing-agencies,a scenario table with assumption provenance,scenario changes traceable to named model inputs
AI business investment scenario reviews for event companies,https://www.buyingwealthbook.com/workflows/ai-investment-scenario-review/event-companies/,ai-investment-scenario-review,event-companies,a scenario table with assumption provenance,scenario changes traceable to named model inputs
AI business investment scenario reviews for architecture firms,https://www.buyingwealthbook.com/workflows/ai-investment-scenario-review/architecture-firms/,ai-investment-scenario-review,architecture-firms,a scenario table with assumption provenance,scenario changes traceable to named model inputs
AI reinvestment priority reviews for marketing agencies,https://www.buyingwealthbook.com/workflows/ai-reinvestment-priorities/marketing-agencies/,ai-reinvestment-priorities,marketing-agencies,a staged reinvestment plan with review dates,funded projects reaching their defined operating milestones
AI reinvestment priority reviews for consulting firms,https://www.buyingwealthbook.com/workflows/ai-reinvestment-priorities/consulting-firms/,ai-reinvestment-priorities,consulting-firms,a staged reinvestment plan with review dates,funded projects reaching their defined operating milestones
AI reinvestment priority reviews for software companies,https://www.buyingwealthbook.com/workflows/ai-reinvestment-priorities/software-companies/,ai-reinvestment-priorities,software-companies,a staged reinvestment plan with review dates,funded projects reaching their defined operating milestones
AI reinvestment priority reviews for ecommerce brands,https://www.buyingwealthbook.com/workflows/ai-reinvestment-priorities/ecommerce-brands/,ai-reinvestment-priorities,ecommerce-brands,a staged reinvestment plan with review dates,funded projects reaching their defined operating milestones
AI reinvestment priority reviews for manufacturers,https://www.buyingwealthbook.com/workflows/ai-reinvestment-priorities/manufacturers/,ai-reinvestment-priorities,manufacturers,a staged reinvestment plan with review dates,funded projects reaching their defined operating milestones
AI reinvestment priority reviews for wholesale distributors,https://www.buyingwealthbook.com/workflows/ai-reinvestment-priorities/wholesale-distributors/,ai-reinvestment-priorities,wholesale-distributors,a staged reinvestment plan with review dates,funded projects reaching their defined operating milestones
AI reinvestment priority reviews for construction companies,https://www.buyingwealthbook.com/workflows/ai-reinvestment-priorities/construction-companies/,ai-reinvestment-priorities,construction-companies,a staged reinvestment plan with review dates,funded projects reaching their defined operating milestones
AI reinvestment priority reviews for trade contractors,https://www.buyingwealthbook.com/workflows/ai-reinvestment-priorities/trade-contractors/,ai-reinvestment-priorities,trade-contractors,a staged reinvestment plan with review dates,funded projects reaching their defined operating milestones
AI reinvestment priority reviews for salons,https://www.buyingwealthbook.com/workflows/ai-reinvestment-priorities/salons/,ai-reinvestment-priorities,salons,a staged reinvestment plan with review dates,funded projects reaching their defined operating milestones
AI reinvestment priority reviews for restaurants,https://www.buyingwealthbook.com/workflows/ai-reinvestment-priorities/restaurants/,ai-reinvestment-priorities,restaurants,a staged reinvestment plan with review dates,funded projects reaching their defined operating milestones
AI reinvestment priority reviews for retail stores,https://www.buyingwealthbook.com/workflows/ai-reinvestment-priorities/retail-stores/,ai-reinvestment-priorities,retail-stores,a staged reinvestment plan with review dates,funded projects reaching their defined operating milestones
AI reinvestment priority reviews for logistics companies,https://www.buyingwealthbook.com/workflows/ai-reinvestment-priorities/logistics-companies/,ai-reinvestment-priorities,logistics-companies,a staged reinvestment plan with review dates,funded projects reaching their defined operating milestones
AI reinvestment priority reviews for cleaning companies,https://www.buyingwealthbook.com/workflows/ai-reinvestment-priorities/cleaning-companies/,ai-reinvestment-priorities,cleaning-companies,a staged reinvestment plan with review dates,funded projects reaching their defined operating milestones
AI reinvestment priority reviews for landscaping companies,https://www.buyingwealthbook.com/workflows/ai-reinvestment-priorities/landscaping-companies/,ai-reinvestment-priorities,landscaping-companies,a staged reinvestment plan with review dates,funded projects reaching their defined operating milestones
AI reinvestment priority reviews for automotive shops,https://www.buyingwealthbook.com/workflows/ai-reinvestment-priorities/automotive-shops/,ai-reinvestment-priorities,automotive-shops,a staged reinvestment plan with review dates,funded projects reaching their defined operating milestones
AI reinvestment priority reviews for fitness studios,https://www.buyingwealthbook.com/workflows/ai-reinvestment-priorities/fitness-studios/,ai-reinvestment-priorities,fitness-studios,a staged reinvestment plan with review dates,funded projects reaching their defined operating milestones
AI reinvestment priority reviews for training companies,https://www.buyingwealthbook.com/workflows/ai-reinvestment-priorities/training-companies/,ai-reinvestment-priorities,training-companies,a staged reinvestment plan with review dates,funded projects reaching their defined operating milestones
AI reinvestment priority reviews for staffing agencies,https://www.buyingwealthbook.com/workflows/ai-reinvestment-priorities/staffing-agencies/,ai-reinvestment-priorities,staffing-agencies,a staged reinvestment plan with review dates,funded projects reaching their defined operating milestones
AI reinvestment priority reviews for event companies,https://www.buyingwealthbook.com/workflows/ai-reinvestment-priorities/event-companies/,ai-reinvestment-priorities,event-companies,a staged reinvestment plan with review dates,funded projects reaching their defined operating milestones
AI reinvestment priority reviews for architecture firms,https://www.buyingwealthbook.com/workflows/ai-reinvestment-priorities/architecture-firms/,ai-reinvestment-priorities,architecture-firms,a staged reinvestment plan with review dates,funded projects reaching their defined operating milestones
AI ownership review dashboards for marketing agencies,https://www.buyingwealthbook.com/workflows/ai-ownership-dashboard/marketing-agencies/,ai-ownership-dashboard,marketing-agencies,an owner review page with decisions and evidence,owner measures updated from defined sources on schedule
AI ownership review dashboards for consulting firms,https://www.buyingwealthbook.com/workflows/ai-ownership-dashboard/consulting-firms/,ai-ownership-dashboard,consulting-firms,an owner review page with decisions and evidence,owner measures updated from defined sources on schedule
AI ownership review dashboards for software companies,https://www.buyingwealthbook.com/workflows/ai-ownership-dashboard/software-companies/,ai-ownership-dashboard,software-companies,an owner review page with decisions and evidence,owner measures updated from defined sources on schedule
AI ownership review dashboards for ecommerce brands,https://www.buyingwealthbook.com/workflows/ai-ownership-dashboard/ecommerce-brands/,ai-ownership-dashboard,ecommerce-brands,an owner review page with decisions and evidence,owner measures updated from defined sources on schedule
AI ownership review dashboards for manufacturers,https://www.buyingwealthbook.com/workflows/ai-ownership-dashboard/manufacturers/,ai-ownership-dashboard,manufacturers,an owner review page with decisions and evidence,owner measures updated from defined sources on schedule
AI ownership review dashboards for wholesale distributors,https://www.buyingwealthbook.com/workflows/ai-ownership-dashboard/wholesale-distributors/,ai-ownership-dashboard,wholesale-distributors,an owner review page with decisions and evidence,owner measures updated from defined sources on schedule
AI ownership review dashboards for construction companies,https://www.buyingwealthbook.com/workflows/ai-ownership-dashboard/construction-companies/,ai-ownership-dashboard,construction-companies,an owner review page with decisions and evidence,owner measures updated from defined sources on schedule
AI ownership review dashboards for trade contractors,https://www.buyingwealthbook.com/workflows/ai-ownership-dashboard/trade-contractors/,ai-ownership-dashboard,trade-contractors,an owner review page with decisions and evidence,owner measures updated from defined sources on schedule
AI ownership review dashboards for salons,https://www.buyingwealthbook.com/workflows/ai-ownership-dashboard/salons/,ai-ownership-dashboard,salons,an owner review page with decisions and evidence,owner measures updated from defined sources on schedule
AI ownership review dashboards for restaurants,https://www.buyingwealthbook.com/workflows/ai-ownership-dashboard/restaurants/,ai-ownership-dashboard,restaurants,an owner review page with decisions and evidence,owner measures updated from defined sources on schedule
AI ownership review dashboards for retail stores,https://www.buyingwealthbook.com/workflows/ai-ownership-dashboard/retail-stores/,ai-ownership-dashboard,retail-stores,an owner review page with decisions and evidence,owner measures updated from defined sources on schedule
AI ownership review dashboards for logistics companies,https://www.buyingwealthbook.com/workflows/ai-ownership-dashboard/logistics-companies/,ai-ownership-dashboard,logistics-companies,an owner review page with decisions and evidence,owner measures updated from defined sources on schedule
AI ownership review dashboards for cleaning companies,https://www.buyingwealthbook.com/workflows/ai-ownership-dashboard/cleaning-companies/,ai-ownership-dashboard,cleaning-companies,an owner review page with decisions and evidence,owner measures updated from defined sources on schedule
AI ownership review dashboards for landscaping companies,https://www.buyingwealthbook.com/workflows/ai-ownership-dashboard/landscaping-companies/,ai-ownership-dashboard,landscaping-companies,an owner review page with decisions and evidence,owner measures updated from defined sources on schedule
AI ownership review dashboards for automotive shops,https://www.buyingwealthbook.com/workflows/ai-ownership-dashboard/automotive-shops/,ai-ownership-dashboard,automotive-shops,an owner review page with decisions and evidence,owner measures updated from defined sources on schedule
AI ownership review dashboards for fitness studios,https://www.buyingwealthbook.com/workflows/ai-ownership-dashboard/fitness-studios/,ai-ownership-dashboard,fitness-studios,an owner review page with decisions and evidence,owner measures updated from defined sources on schedule
AI ownership review dashboards for training companies,https://www.buyingwealthbook.com/workflows/ai-ownership-dashboard/training-companies/,ai-ownership-dashboard,training-companies,an owner review page with decisions and evidence,owner measures updated from defined sources on schedule
AI ownership review dashboards for staffing agencies,https://www.buyingwealthbook.com/workflows/ai-ownership-dashboard/staffing-agencies/,ai-ownership-dashboard,staffing-agencies,an owner review page with decisions and evidence,owner measures updated from defined sources on schedule
AI ownership review dashboards for event companies,https://www.buyingwealthbook.com/workflows/ai-ownership-dashboard/event-companies/,ai-ownership-dashboard,event-companies,an owner review page with decisions and evidence,owner measures updated from defined sources on schedule
AI ownership review dashboards for architecture firms,https://www.buyingwealthbook.com/workflows/ai-ownership-dashboard/architecture-firms/,ai-ownership-dashboard,architecture-firms,an owner review page with decisions and evidence,owner measures updated from defined sources on schedule
